{
  "training_duration": "00:01:01",
  "training_start_epoch": 0,
  "training_epochs": 7,
  "epoch": 7,
  "training_accuracy": 0.8703713541943368,
  "training_accuracy3": 0.9839461393942613,
  "training_loss": 0.3876908218405049,
  "validation_accuracy": 0.8586231258340529,
  "validation_accuracy3": 0.976136274432844,
  "validation_loss": 0.4546707249604739,
  "best_epoch": 7,
  "best_validation_accuracy": 0.8586231258340529,
  "best_validation_accuracy3": 0.976136274432844,
  "best_validation_loss": 0.4546707249604739
}