{
  "training_duration": "00:00:46",
  "training_start_epoch": 0,
  "training_epochs": 5,
  "epoch": 5,
  "training_accuracy": 0.8700332765040835,
  "training_accuracy3": 0.9832168575195723,
  "training_loss": 0.3946673069030616,
  "validation_accuracy": 0.8571316429861057,
  "validation_accuracy3": 0.975704529397912,
  "validation_loss": 0.46005656054386723,
  "best_epoch": 3,
  "best_validation_accuracy": 0.8577596357641887,
  "best_validation_accuracy3": 0.9747625402307873,
  "best_validation_loss": 0.4665229950959866
}