{
  "training_duration": "00:00:15",
  "training_start_epoch": 0,
  "training_epochs": 1,
  "epoch": 1,
  "training_accuracy": 0.8640444717053122,
  "training_accuracy3": 0.9782326264289819,
  "training_loss": 0.44791151953350966,
  "validation_accuracy": 0.8556009105895283,
  "validation_accuracy3": 0.9722898186670853,
  "validation_loss": 0.48374376274072206,
  "best_epoch": 1,
  "best_validation_accuracy": 0.8556009105895283,
  "best_validation_accuracy3": 0.9722898186670853,
  "best_validation_loss": 0.48374376274072206
}