{
  "training_duration": "00:01:51",
  "training_start_epoch": 0,
  "training_epochs": 8,
  "epoch": 8,
  "training_accuracy": 0.9591505556548323,
  "training_accuracy3": 0.99602517229888,
  "training_loss": 0.13126508815653004,
  "validation_accuracy": 0.9434806499725253,
  "validation_accuracy3": 0.992581835308894,
  "validation_loss": 0.21047969427532875,
  "best_epoch": 6,
  "best_validation_accuracy": 0.9438731454588273,
  "best_validation_accuracy3": 0.992189339822592,
  "best_validation_loss": 0.2143728009496744
}