{
  "training_duration": "00:01:17",
  "training_start_epoch": 0,
  "training_epochs": 9,
  "epoch": 9,
  "training_accuracy": 0.8704582884575447,
  "training_accuracy3": 0.9843373435786973,
  "training_loss": 0.3834306821701633,
  "validation_accuracy": 0.8574848889237774,
  "validation_accuracy3": 0.975704529397912,
  "validation_loss": 0.4591891501958554,
  "best_epoch": 7,
  "best_validation_accuracy": 0.8586231258340529,
  "best_validation_accuracy3": 0.976136274432844,
  "best_validation_loss": 0.4546707249604739
}